1,0.033000,0.033000
0,0.067000,0.067000
0,0.100000,0.100000
0,0.133000,0.133000
0,0.167000,0.167000
0,0.200000,0.200000
0,0.234000,0.234000
0,0.267000,0.267000
0,0.300000,0.300000
0,0.334000,0.334000
0,0.367000,0.367000
0,0.400000,0.400000
1,0.434000,0.434000
0,0.467000,0.467000
0,0.501000,0.501000
0,0.534000,0.534000
0,0.567000,0.567000
0,0.601000,0.601000
0,0.634000,0.634000
0,0.667000,0.667000
0,0.701000,0.701000
0,0.734000,0.734000
0,0.767000,0.767000
0,0.801000,0.801000
1,0.834000,0.834000
0,0.868000,0.868000
0,0.901000,0.901000
0,0.934000,0.934000
0,0.968000,0.968000
0,1.001000,1.001000
0,1.034000,1.034000
0,1.068000,1.068000
0,1.101000,1.101000
0,1.134000,1.134000
0,1.168000,1.168000
0,1.201000,1.201000
1,1.235000,1.235000
0,1.268000,1.268000
0,1.301000,1.301000
0,1.335000,1.335000
0,1.368000,1.368000
0,1.401000,1.401000
0,1.435000,1.435000
0,1.468000,1.468000
0,1.502000,1.502000
0,1.535000,1.535000
0,1.568000,1.568000
0,1.602000,1.602000
1,1.635000,1.635000
0,1.668000,1.668000
0,1.702000,1.702000
0,1.735000,1.735000
0,1.768000,1.768000
0,1.802000,1.802000
0,1.835000,1.835000
0,1.869000,1.869000
0,1.902000,1.902000
0,1.935000,1.935000
0,1.969000,1.969000
0,2.002000,2.002000
1,2.035000,2.035000
0,2.069000,2.069000
0,2.102000,2.102000
0,2.135000,2.135000
0,2.169000,2.169000
0,2.202000,2.202000
0,2.236000,2.236000
0,2.269000,2.269000
0,2.302000,2.302000
0,2.336000,2.336000
0,2.369000,2.369000
0,2.402000,2.402000
1,2.436000,2.436000
0,2.469000,2.469000
0,2.503000,2.503000
0,2.536000,2.536000
0,2.569000,2.569000
0,2.603000,2.603000
0,2.636000,2.636000
0,2.669000,2.669000
0,2.703000,2.703000
0,2.736000,2.736000
0,2.769000,2.769000
0,2.803000,2.803000
1,2.836000,2.836000
0,2.870000,2.870000
0,2.903000,2.903000
0,2.936000,2.936000
0,2.970000,2.970000
0,3.003000,3.003000
0,3.036000,3.036000
0,3.070000,3.070000
0,3.103000,3.103000
0,3.136000,3.136000
0,3.170000,3.170000
0,3.203000,3.203000
1,3.237000,3.237000
0,3.270000,3.270000
0,3.303000,3.303000
0,3.337000,3.337000
0,3.370000,3.370000
0,3.403000,3.403000
0,3.437000,3.437000
0,3.470000,3.470000
0,3.504000,3.504000
0,3.537000,3.537000
0,3.570000,3.570000
0,3.604000,3.604000
1,3.637000,3.637000
0,3.670000,3.670000
0,3.704000,3.704000
0,3.737000,3.737000
0,3.770000,3.770000
0,3.804000,3.804000
0,3.837000,3.837000
0,3.871000,3.871000
0,3.904000,3.904000
0,3.937000,3.937000
0,3.971000,3.971000
0,4.004000,4.004000
1,4.037000,4.037000
0,4.071000,4.071000
0,4.104000,4.104000
0,4.137000,4.137000
0,4.171000,4.171000
0,4.204000,4.204000
0,4.238000,4.238000
0,4.271000,4.271000
0,4.304000,4.304000
0,4.338000,4.338000
0,4.371000,4.371000
0,4.404000,4.404000
1,4.438000,4.438000
0,4.471000,4.471000
0,4.505000,4.505000
0,4.538000,4.538000
0,4.571000,4.571000
0,4.605000,4.605000
0,4.638000,4.638000
0,4.671000,4.671000
0,4.705000,4.705000
0,4.738000,4.738000
0,4.771000,4.771000
0,4.805000,4.805000
1,4.838000,4.838000
0,4.872000,4.872000
0,4.905000,4.905000
0,4.938000,4.938000
0,4.972000,4.972000
0,5.005000,5.005000
0,5.038000,5.038000
0,5.072000,5.072000
0,5.105000,5.105000
0,5.138000,5.138000
0,5.172000,5.172000
0,5.205000,5.205000
1,5.239000,5.239000
0,5.272000,5.272000
0,5.305000,5.305000
0,5.339000,5.339000
0,5.372000,5.372000
0,5.405000,5.405000
0,5.439000,5.439000
0,5.472000,5.472000
0,5.506000,5.506000
0,5.539000,5.539000
0,5.572000,5.572000
0,5.606000,5.606000
1,5.639000,5.639000
0,5.672000,5.672000
0,5.706000,5.706000
0,5.739000,5.739000
0,5.772000,5.772000
0,5.806000,5.806000
0,5.839000,5.839000
0,5.873000,5.873000
0,5.906000,5.906000
0,5.939000,5.939000
0,5.973000,5.973000
0,6.006000,6.006000
1,6.039000,6.039000
0,6.073000,6.073000
0,6.106000,6.106000
0,6.139000,6.139000
0,6.173000,6.173000
0,6.206000,6.206000
0,6.240000,6.240000
0,6.273000,6.273000
0,6.306000,6.306000
0,6.340000,6.340000
0,6.373000,6.373000
0,6.406000,6.406000
1,6.440000,6.440000
0,6.473000,6.473000
0,6.507000,6.507000
0,6.540000,6.540000
0,6.573000,6.573000
0,6.607000,6.607000
0,6.640000,6.640000
0,6.673000,6.673000
0,6.707000,6.707000
0,6.740000,6.740000
0,6.773000,6.773000
0,6.807000,6.807000
1,6.840000,6.840000
0,6.874000,6.874000
0,6.907000,6.907000
0,6.940000,6.940000
0,6.974000,6.974000
0,7.007000,7.007000
0,7.040000,7.040000
0,7.074000,7.074000
0,7.107000,7.107000
0,7.140000,7.140000
0,7.174000,7.174000
0,7.207000,7.207000
1,7.241000,7.241000
0,7.274000,7.274000
0,7.307000,7.307000
0,7.341000,7.341000
0,7.374000,7.374000
0,7.407000,7.407000
0,7.441000,7.441000
0,7.474000,7.474000
0,7.508000,7.508000
0,7.541000,7.541000
0,7.574000,7.574000
0,7.608000,7.608000
1,7.641000,7.641000
0,7.674000,7.674000
0,7.708000,7.708000
0,7.741000,7.741000
0,7.774000,7.774000
0,7.808000,7.808000
0,7.841000,7.841000
0,7.875000,7.875000
0,7.908000,7.908000
0,7.941000,7.941000
0,7.975000,7.975000
